asset_slot,legacy_output,existing_id,existing_file,forestlight_use,design_source,file_missing
IMG/logo/main,assets/ui/generated/branding/logo_forest_arena.png,fa.branding.logo.forest.arena,forest_arena/assets/common/branding/logo_forest_arena.png,편집 가능한 FOREST ARENA 텍스트로 표시,,False
IMG/logo/small,assets/ui/generated/branding/logo_forest_arena_small.png,fa.branding.logo.forest.arena.small,forest_arena/assets/common/branding/logo_forest_arena_small.png,편집 가능한 FOREST ARENA 텍스트로 표시,,False
IMG/bg/splash,assets/ui/generated/background/bg_splash_forest.png,fa.background.bg.splash.forest,forest_arena/assets/quality/high/background/bg_splash_forest.png,승인 배경 재사용,forest_arena/assets/quality/high/background/bg_splash_forest.png,False
IMG/bg/login,assets/ui/generated/background/bg_login_village.png,fa.background.bg.login.village,forest_arena/assets/quality/high/background/bg_login_village.png,기존 파일 있음 · 이 설계에서는 미사용,,False
IMG/bg/lobby,assets/ui/generated/background/bg_lobby_forest_town.png,fa.background.bg.lobby.forest.town,forest_arena/assets/quality/high/background/bg_lobby_forest_town.png,승인 배경 재사용,forest_arena/assets/quality/high/background/bg_lobby_forest_town.png,False
IMG/bg/character-room,assets/ui/generated/background/bg_character_room.png,fa.background.bg.character.room,forest_arena/assets/quality/high/background/bg_character_room.png,기존 파일 있음 · 이 설계에서는 미사용,,False
IMG/bg/accessory-workshop,assets/ui/generated/background/bg_accessory_workshop.png,fa.background.bg.accessory.workshop,forest_arena/assets/quality/high/background/bg_accessory_workshop.png,기존 파일 있음 · 이 설계에서는 미사용,,False
IMG/bg/mode/story,assets/ui/generated/background/bg_mode_story.png,fa.background.bg.mode.story,forest_arena/assets/quality/high/background/bg_mode_story.png,기존 파일 있음 · 이 설계에서는 미사용,,False
IMG/bg/mode/solo,assets/ui/generated/background/bg_mode_solo.png,fa.background.bg.mode.solo,forest_arena/assets/quality/high/background/bg_mode_solo.png,기존 파일 있음 · 이 설계에서는 미사용,,False
IMG/bg/mode/team,assets/ui/generated/background/bg_mode_team.png,fa.background.bg.mode.team,forest_arena/assets/quality/high/background/bg_mode_team.png,기존 파일 있음 · 이 설계에서는 미사용,,False
IMG/bg/mode/ai,assets/ui/generated/background/bg_mode_ai.png,fa.background.bg.mode.ai,forest_arena/assets/quality/high/background/bg_mode_ai.png,기존 파일 있음 · 이 설계에서는 미사용,,False
IMG/bg/mode/practice,assets/ui/generated/background/bg_mode_training.png,fa.background.bg.mode.training,forest_arena/assets/quality/high/background/bg_mode_training.png,기존 파일 있음 · 이 설계에서는 미사용,,False
IMG/bg/matchmaking,assets/ui/generated/background/bg_matchmaking.png,fa.background.bg.matchmaking,forest_arena/assets/quality/high/background/bg_matchmaking.png,기존 파일 있음 · 이 설계에서는 미사용,,False
IMG/bg/loading,assets/ui/generated/background/bg_loading.png,fa.background.bg.loading,forest_arena/assets/quality/high/background/bg_loading.png,기존 파일 있음 · 이 설계에서는 미사용,,False
IMG/bg/victory,assets/ui/generated/background/bg_victory.png,fa.background.bg.victory,forest_arena/assets/quality/high/background/bg_victory.png,기존 파일 있음 · 이 설계에서는 미사용,,False
IMG/char/mouse/full,assets/ui/generated/character/main/char_mouse_full.png,fa.character.main.char.mouse.full,forest_arena/assets/common/character/main/char_mouse_full.png,승인 자현 콘셉트 재사용 · bust/face 별도 원화 미사용,assets/character/ja-hyun/concept/ja-hyun-concept-v01.png,False
IMG/char/mouse/bust,assets/ui/generated/character/main/char_mouse_bust.png,fa.character.main.char.mouse.bust,forest_arena/assets/common/character/main/char_mouse_bust.png,승인 자현 콘셉트 재사용 · bust/face 별도 원화 미사용,assets/character/ja-hyun/concept/ja-hyun-concept-v01.png,False
IMG/char/mouse/face,assets/ui/generated/character/main/char_mouse_face.png,fa.character.main.char.mouse.face,forest_arena/assets/common/character/main/char_mouse_face.png,승인 자현 콘셉트 재사용 · bust/face 별도 원화 미사용,assets/character/ja-hyun/concept/ja-hyun-concept-v01.png,False
IMG/char/rabbit/full,assets/ui/generated/character/main/char_rabbit_full.png,fa.character.main.char.rabbit.full,forest_arena/assets/common/character/main/char_rabbit_full.png,승인 묘령 콘셉트 재사용 · bust/face 별도 원화 미사용,assets/character/myo-ryung/concept/myo-ryung-concept-v01.png,False
IMG/char/rabbit/bust,assets/ui/generated/character/main/char_rabbit_bust.png,fa.character.main.char.rabbit.bust,forest_arena/assets/common/character/main/char_rabbit_bust.png,승인 묘령 콘셉트 재사용 · bust/face 별도 원화 미사용,assets/character/myo-ryung/concept/myo-ryung-concept-v01.png,False
IMG/char/rabbit/face,assets/ui/generated/character/main/char_rabbit_face.png,fa.character.main.char.rabbit.face,forest_arena/assets/common/character/main/char_rabbit_face.png,승인 묘령 콘셉트 재사용 · bust/face 별도 원화 미사용,assets/character/myo-ryung/concept/myo-ryung-concept-v01.png,False
IMG/char/roster/fox,assets/ui/generated/character/roster/char_fox_face.png,fa.character.roster.char.fox.face,forest_arena/assets/common/character/roster/char_fox_face.png,신규 로스터 승인 전 · UI에 노출하지 않음,,False
IMG/char/roster/wolf,assets/ui/generated/character/roster/char_wolf_face.png,fa.character.roster.char.wolf.face,forest_arena/assets/common/character/roster/char_wolf_face.png,신규 로스터 승인 전 · UI에 노출하지 않음,,False
IMG/char/roster/deer,assets/ui/generated/character/roster/char_deer_face.png,fa.character.roster.char.deer.face,forest_arena/assets/common/character/roster/char_deer_face.png,신규 로스터 승인 전 · UI에 노출하지 않음,,False
IMG/char/roster/cat,assets/ui/generated/character/roster/char_cat_face.png,fa.character.roster.char.cat.face,forest_arena/assets/common/character/roster/char_cat_face.png,신규 로스터 승인 전 · UI에 노출하지 않음,,False
IMG/char/roster/raccoon,assets/ui/generated/character/roster/char_raccoon_face.png,fa.character.roster.char.raccoon.face,forest_arena/assets/common/character/roster/char_raccoon_face.png,신규 로스터 승인 전 · UI에 노출하지 않음,,False
IMG/char/roster/extra-01,assets/ui/generated/character/roster/char_extra_01_face.png,fa.character.roster.char.extra.01.face,forest_arena/assets/common/character/roster/char_extra_01_face.png,신규 로스터 승인 전 · UI에 노출하지 않음,,False
IMG/accessory/wind-gauntlet,assets/ui/generated/accessory/acc_wind_gauntlet.png,fa.accessory.acc.wind.gauntlet,forest_arena/assets/common/accessory/acc_wind_gauntlet.png,기존 파일 있음 · 이 설계에서는 미사용,,False
IMG/accessory/leaf-chakram,assets/ui/generated/accessory/acc_leaf_chakram.png,fa.accessory.acc.leaf.chakram,forest_arena/assets/common/accessory/acc_leaf_chakram.png,기존 파일 있음 · 이 설계에서는 미사용,,False
IMG/accessory/vine-blade,assets/ui/generated/accessory/acc_vine_blade.png,fa.accessory.acc.vine.blade,forest_arena/assets/common/accessory/acc_vine_blade.png,기존 파일 있음 · 이 설계에서는 미사용,,False
IMG/accessory/spirit-lantern,assets/ui/generated/accessory/acc_spirit_lantern.png,fa.accessory.acc.spirit.lantern,forest_arena/assets/common/accessory/acc_spirit_lantern.png,기존 파일 있음 · 이 설계에서는 미사용,,False
IMG/accessory/gale-boots,assets/ui/generated/accessory/acc_gale_boots.png,fa.accessory.acc.gale.boots,forest_arena/assets/common/accessory/acc_gale_boots.png,기존 파일 있음 · 이 설계에서는 미사용,,False
IMG/accessory/thorn-guard,assets/ui/generated/accessory/acc_thorn_guard.png,fa.accessory.acc.thorn.guard,forest_arena/assets/common/accessory/acc_thorn_guard.png,기존 파일 있음 · 이 설계에서는 미사용,,False
IMG/accessory/tail-booster,assets/ui/generated/accessory/acc_tail_booster.png,fa.accessory.acc.tail.booster,forest_arena/assets/common/accessory/acc_tail_booster.png,기존 파일 있음 · 이 설계에서는 미사용,,False
IMG/accessory/horn-crest,assets/ui/generated/accessory/acc_horn_crest.png,fa.accessory.acc.horn.crest,forest_arena/assets/common/accessory/acc_horn_crest.png,기존 파일 있음 · 이 설계에서는 미사용,,False
IMG/accessory/shadow-orb,assets/ui/generated/accessory/acc_shadow_orb.png,fa.accessory.acc.shadow.orb,forest_arena/assets/common/accessory/acc_shadow_orb.png,기존 파일 있음 · 이 설계에서는 미사용,,False
IMG/illust/story-chapter-01,assets/ui/generated/illustration/illust_story_chapter_01.png,fa.illustration.illust.story.chapter.01,forest_arena/assets/quality/high/illustration/illust_story_chapter_01.png,기존 파일 있음 · 이 설계에서는 미사용,,False
IMG/illust/event-01,assets/ui/generated/illustration/illust_event_01.png,fa.illustration.illust.event.01,forest_arena/assets/quality/high/illustration/illust_event_01.png,기존 파일 있음 · 이 설계에서는 미사용,,False
IMG/illust/shop-feature,assets/ui/generated/illustration/illust_shop_feature.png,fa.illustration.illust.shop.feature,forest_arena/assets/quality/high/illustration/illust_shop_feature.png,기존 파일 있음 · 이 설계에서는 미사용,,False
IMG/illust/mvp-mouse,assets/ui/generated/illustration/illust_mvp_mouse.png,fa.illustration.illust.mvp.mouse,forest_arena/assets/quality/high/illustration/illust_mvp_mouse.png,기존 파일 있음 · 이 설계에서는 미사용,,False
IMG/illust/victory-duo,assets/ui/generated/illustration/illust_victory_duo.png,fa.illustration.illust.victory.duo,forest_arena/assets/quality/high/illustration/illust_victory_duo.png,기존 파일 있음 · 이 설계에서는 미사용,,False
IMG/rank/bronze,assets/ui/generated/rank/rank_bronze.png,fa.rank.rank.bronze,forest_arena/assets/common/rank/rank_bronze.png,기존 파일 있음 · 이 설계에서는 미사용,,False
IMG/rank/silver,assets/ui/generated/rank/rank_silver.png,fa.rank.rank.silver,forest_arena/assets/common/rank/rank_silver.png,기존 파일 있음 · 이 설계에서는 미사용,,False
IMG/rank/gold,assets/ui/generated/rank/rank_gold.png,fa.rank.rank.gold,forest_arena/assets/common/rank/rank_gold.png,기존 파일 있음 · 이 설계에서는 미사용,,False
IMG/rank/platinum,assets/ui/generated/rank/rank_platinum.png,fa.rank.rank.platinum,forest_arena/assets/common/rank/rank_platinum.png,기존 파일 있음 · 이 설계에서는 미사용,,False
IMG/rank/diamond,assets/ui/generated/rank/rank_diamond.png,fa.rank.rank.diamond,forest_arena/assets/common/rank/rank_diamond.png,기존 파일 있음 · 이 설계에서는 미사용,,False
IMG/rank/master,assets/ui/generated/rank/rank_master.png,fa.rank.rank.master,forest_arena/assets/common/rank/rank_master.png,기존 파일 있음 · 이 설계에서는 미사용,,False
IMG/icon/story,assets/ui/generated/icon/icon_story.svg,fa.icon.icon.story,forest_arena/assets/common/icon/icon_story.svg,새 숲빛 벡터로 디자인 대체 · 기존 ID 유지,assets/ui/forestlight-v01/icon-story.svg,False
IMG/icon/solo,assets/ui/generated/icon/icon_solo.svg,fa.icon.icon.solo,forest_arena/assets/common/icon/icon_solo.svg,새 숲빛 벡터로 디자인 대체 · 기존 ID 유지,assets/ui/forestlight-v01/icon-solo.svg,False
IMG/icon/team,assets/ui/generated/icon/icon_team.svg,fa.icon.icon.team,forest_arena/assets/common/icon/icon_team.svg,새 숲빛 벡터로 디자인 대체 · 기존 ID 유지,assets/ui/forestlight-v01/icon-team.svg,False
IMG/icon/ai,assets/ui/generated/icon/icon_ai.svg,fa.icon.icon.ai,forest_arena/assets/common/icon/icon_ai.svg,새 숲빛 벡터로 디자인 대체 · 기존 ID 유지,assets/ui/forestlight-v01/icon-ai.svg,False
IMG/icon/practice,assets/ui/generated/icon/icon_training.svg,fa.icon.icon.training,forest_arena/assets/common/icon/icon_training.svg,새 숲빛 벡터로 디자인 대체 · 기존 ID 유지,assets/ui/forestlight-v01/icon-practice.svg,False
IMG/icon/character,assets/ui/generated/icon/icon_character.svg,fa.icon.icon.character,forest_arena/assets/common/icon/icon_character.svg,새 숲빛 벡터로 디자인 대체 · 기존 ID 유지,assets/ui/forestlight-v01/icon-character.svg,False
IMG/icon/accessory,assets/ui/generated/icon/icon_accessory.svg,fa.icon.icon.accessory,forest_arena/assets/common/icon/icon_accessory.svg,새 숲빛 벡터로 디자인 대체 · 기존 ID 유지,assets/ui/forestlight-v01/icon-accessory.svg,False
IMG/icon/shop,assets/ui/generated/icon/icon_shop.svg,fa.icon.icon.shop,forest_arena/assets/common/icon/icon_shop.svg,새 숲빛 벡터로 디자인 대체 · 기존 ID 유지,assets/ui/forestlight-v01/icon-shop.svg,False
IMG/icon/social,assets/ui/generated/icon/icon_social.svg,fa.icon.icon.social,forest_arena/assets/common/icon/icon_social.svg,새 숲빛 벡터로 디자인 대체 · 기존 ID 유지,assets/ui/forestlight-v01/icon-social.svg,False
IMG/icon/mission,assets/ui/generated/icon/icon_mission.svg,fa.icon.icon.mission,forest_arena/assets/common/icon/icon_mission.svg,새 숲빛 벡터로 디자인 대체 · 기존 ID 유지,assets/ui/forestlight-v01/icon-mission.svg,False
IMG/fx/leaf-corner,assets/ui/generated/fx/fx_leaf_corner.png,fa.fx.fx.leaf.corner,forest_arena/assets/quality/high/fx/fx_leaf_corner.png,기존 파일 있음 · 이 설계에서는 미사용,,False
IMG/fx/light-particles,assets/ui/generated/fx/fx_light_particles.png,fa.fx.fx.light.particles,forest_arena/assets/quality/high/fx/fx_light_particles.png,기존 파일 있음 · 이 설계에서는 미사용,,False
IMG/fx/victory-rays,assets/ui/generated/fx/fx_victory_rays.png,fa.fx.fx.victory.rays,forest_arena/assets/quality/high/fx/fx_victory_rays.png,기존 파일 있음 · 이 설계에서는 미사용,,False
IMG/fx/match-ring,assets/ui/generated/fx/fx_match_ring.png,fa.fx.fx.match.ring,forest_arena/assets/quality/high/fx/fx_match_ring.png,기존 파일 있음 · 이 설계에서는 미사용,,False
