logical_id,category,variants_or_path,consumer,status,replacement_rule
fa.background.combat.training.arena,background,high|medium|low,ArenaVisual,approved,Approved generated forest canyon background; logical ID retained
fa.terrain.combat.forest-ledge,terrain,high|medium|low,ArenaVisual,approved,Approved transparent terrain aligned to the 2160 ground and four asymmetric one-way platform collisions
fa.ui.combat.dpad.default,combat-control,common,TouchCommandSource,approved,Approved Forestlight D-pad default state; logical ID retained
fa.ui.combat.dpad.up,combat-control,common,TouchCommandSource,approved,Approved Forestlight D-pad up state; logical ID retained
fa.ui.combat.dpad.down,combat-control,common,TouchCommandSource,approved,Approved Forestlight D-pad down state; logical ID retained
fa.ui.combat.dpad.left,combat-control,common,TouchCommandSource,approved,Approved Forestlight D-pad left state; logical ID retained
fa.ui.combat.dpad.right,combat-control,common,TouchCommandSource,approved,Approved Forestlight D-pad right state; logical ID retained
fa.ui.combat.action.default,combat-control,common,TouchCommandSource,approved,Approved neutral Forestlight action button; runtime label remains separate
fa.ui.combat.action.pressed,combat-control,common,TouchCommandSource,approved,Approved neutral Forestlight pressed state; runtime label remains separate
